ACCT_KEY,PP_CODE,POSN,AMOUNT
0,SIEM,C,1000
0,SIEM,D,260
0,SIEM,X,3456
1,SIEM,C,1000
1,SIEM,D,260
1,SIEM,X,3456
2,SIEM,C,1000
2,SIEM,D,260
2,SIEM,X,3456
3,SIEM,C,1000
3,SIEM,D,260
3,SIEM,X,3456
4,SIEM,C,1000
4,SIEM,D,260
4,SIEM,X,3456
5,SIEM,C,1000
5,SIEM,D,260
5,SIEM,X,3456
6,SIEM,C,1000
6,SIEM,D,260
6,SIEM,X,3456
7,SIEM,C,1000
7,SIEM,D,260
7,SIEM,X,3456
8,SIEM,C,1000
8,SIEM,D,260
8,SIEM,X,3456
9,SIEM,C,1000
9,SIEM,D,260
9,SIEM,X,3456
10,SIEM,C,1000
10,SIEM,D,260
10,SIEM,X,3456
11,SIEM,C,1000
11,SIEM,D,260
11,SIEM,X,3456
12,SIEM,C,1000
12,SIEM,D,260
12,SIEM,X,3456
13,SIEM,C,1000
13,SIEM,D,260
13,SIEM,X,3456
14,SIEM,C,1000
14,SIEM,D,260
14,SIEM,X,3456
15,SIEM,C,1000
15,SIEM,D,260
15,SIEM,X,3456
16,SIEM,C,1000
16,SIEM,D,260
16,SIEM,X,3456
17,SIEM,C,1000
17,SIEM,D,260
17,SIEM,X,3456
18,SIEM,C,1000
18,SIEM,D,260
18,SIEM,X,3456
19,SIEM,C,1000
19,SIEM,D,260
19,SIEM,X,3456
20,SIEM,C,1000
20,SIEM,D,260
20,SIEM,X,3456
21,SIEM,C,1000
21,SIEM,D,260
21,SIEM,X,3456
22,SIEM,C,1000
22,SIEM,D,260
22,SIEM,X,3456
23,SIEM,C,1000
23,SIEM,D,260
23,SIEM,X,3456
24,SIEM,C,1000
24,SIEM,D,260
24,SIEM,X,3456
25,SIEM,C,1000
25,SIEM,D,260
25,SIEM,X,3456
26,SIEM,C,1000
26,SIEM,D,260
26,SIEM,X,3456
27,SIEM,C,1000
27,SIEM,D,260
27,SIEM,X,3456
28,SIEM,C,1000
28,SIEM,D,260
28,SIEM,X,3456
29,SIEM,C,1000
29,SIEM,D,260
29,SIEM,X,3456
30,SIEM,C,1000
30,SIEM,D,260
30,SIEM,X,3456
31,SIEM,C,1000
31,SIEM,D,260
31,SIEM,X,3456
32,SIEM,C,1000
32,SIEM,D,260
32,SIEM,X,3456
33,SIEM,C,1000
33,SIEM,D,260
33,SIEM,X,3456
34,SIEM,C,1000
34,SIEM,D,260
34,SIEM,X,3456
35,SIEM,C,1000
35,SIEM,D,260
35,SIEM,X,3456
36,SIEM,C,1000
36,SIEM,D,260
36,SIEM,X,3456
37,SIEM,C,1000
37,SIEM,D,260
37,SIEM,X,3456
38,SIEM,C,1000
38,SIEM,D,260
38,SIEM,X,3456
39,SIEM,C,1000
39,SIEM,D,260
39,SIEM,X,3456
40,SIEM,C,1000
40,SIEM,D,260
40,SIEM,X,3456
41,SIEM,C,1000
41,SIEM,D,260
41,SIEM,X,3456
42,SIEM,C,1000
42,SIEM,D,260
42,SIEM,X,3456
43,SIEM,C,1000
43,SIEM,D,260
43,SIEM,X,3456
44,SIEM,C,1000
44,SIEM,D,260
44,SIEM,X,3456
45,SIEM,C,1000
45,SIEM,D,260
45,SIEM,X,3456
46,SIEM,C,1000
46,SIEM,D,260
46,SIEM,X,3456
47,SIEM,C,1000
47,SIEM,D,260
47,SIEM,X,3456
48,SIEM,C,1000
48,SIEM,D,260
48,SIEM,X,3456
49,SIEM,C,1000
49,SIEM,D,260
49,SIEM,X,3456
50,SIEM,C,1000
50,SIEM,D,260
50,SIEM,X,3456
51,SIEM,C,1000
51,SIEM,D,260
51,SIEM,X,3456
52,SIEM,C,1000
52,SIEM,D,260
52,SIEM,X,3456
53,SIEM,C,1000
53,SIEM,D,260
53,SIEM,X,3456
54,SIEM,C,1000
54,SIEM,D,260
54,SIEM,X,3456
55,SIEM,C,1000
55,SIEM,D,260
55,SIEM,X,3456
56,SIEM,C,1000
56,SIEM,D,260
56,SIEM,X,3456
57,SIEM,C,1000
57,SIEM,D,260
57,SIEM,X,3456
58,SIEM,C,1000
58,SIEM,D,260
58,SIEM,X,3456
59,SIEM,C,1000
59,SIEM,D,260
59,SIEM,X,3456
60,SIEM,C,1000
60,SIEM,D,260
60,SIEM,X,3456
61,SIEM,C,1000
61,SIEM,D,260
61,SIEM,X,3456
62,SIEM,C,1000
62,SIEM,D,260
62,SIEM,X,3456
63,SIEM,C,1000
63,SIEM,D,260
63,SIEM,X,3456
64,SIEM,C,1000
64,SIEM,D,260
64,SIEM,X,3456
65,SIEM,C,1000
65,SIEM,D,260
65,SIEM,X,3456
66,SIEM,C,1000
66,SIEM,D,260
66,SIEM,X,3456
67,SIEM,C,1000
67,SIEM,D,260
67,SIEM,X,3456
68,SIEM,C,1000
68,SIEM,D,260
68,SIEM,X,3456
69,SIEM,C,1000
69,SIEM,D,260
69,SIEM,X,3456
70,SIEM,C,1000
70,SIEM,D,260
70,SIEM,X,3456
71,SIEM,C,1000
71,SIEM,D,260
71,SIEM,X,3456
72,SIEM,C,1000
72,SIEM,D,260
72,SIEM,X,3456
73,SIEM,C,1000
73,SIEM,D,260
73,SIEM,X,3456
74,SIEM,C,1000
74,SIEM,D,260
74,SIEM,X,3456
75,SIEM,C,1000
75,SIEM,D,260
75,SIEM,X,3456
76,SIEM,C,1000
76,SIEM,D,260
76,SIEM,X,3456
77,SIEM,C,1000
77,SIEM,D,260
77,SIEM,X,3456
78,SIEM,C,1000
78,SIEM,D,260
78,SIEM,X,3456
79,SIEM,C,1000
79,SIEM,D,260
79,SIEM,X,3456
80,SIEM,C,1000
80,SIEM,D,260
80,SIEM,X,3456
81,SIEM,C,1000
81,SIEM,D,260
81,SIEM,X,3456
82,SIEM,C,1000
82,SIEM,D,260
82,SIEM,X,3456
83,SIEM,C,1000
83,SIEM,D,260
83,SIEM,X,3456
84,SIEM,C,1000
84,SIEM,D,260
84,SIEM,X,3456
85,SIEM,C,1000
85,SIEM,D,260
85,SIEM,X,3456
86,SIEM,C,1000
86,SIEM,D,260
86,SIEM,X,3456
87,SIEM,C,1000
87,SIEM,D,260
87,SIEM,X,3456
88,SIEM,C,1000
88,SIEM,D,260
88,SIEM,X,3456
89,SIEM,C,1000
89,SIEM,D,260
89,SIEM,X,3456
90,SIEM,C,1000
90,SIEM,D,260
90,SIEM,X,3456
91,SIEM,C,1000
91,SIEM,D,260
91,SIEM,X,3456
92,SIEM,C,1000
92,SIEM,D,260
92,SIEM,X,3456
93,SIEM,C,1000
93,SIEM,D,260
93,SIEM,X,3456
94,SIEM,C,1000
94,SIEM,D,260
94,SIEM,X,3456
95,SIEM,C,1000
95,SIEM,D,260
95,SIEM,X,3456
96,SIEM,C,1000
96,SIEM,D,260
96,SIEM,X,3456
97,SIEM,C,1000
97,SIEM,D,260
97,SIEM,X,3456
98,SIEM,C,1000
98,SIEM,D,260
98,SIEM,X,3456
99,SIEM,C,1000
99,SIEM,D,260
99,SIEM,X,3456
100,SIEM,C,1000
100,SIEM,D,260
100,SIEM,X,3456
101,SIEM,C,1000
101,SIEM,D,260
101,SIEM,X,3456
102,SIEM,C,1000
102,SIEM,D,260
102,SIEM,X,3456
103,SIEM,C,1000
103,SIEM,D,260
103,SIEM,X,3456
104,SIEM,C,1000
104,SIEM,D,260
104,SIEM,X,3456
105,SIEM,C,1000
105,SIEM,D,260
105,SIEM,X,3456
106,SIEM,C,1000
106,SIEM,D,260
106,SIEM,X,3456
107,SIEM,C,1000
107,SIEM,D,260
107,SIEM,X,3456
108,SIEM,C,1000
108,SIEM,D,260
108,SIEM,X,3456
109,SIEM,C,1000
109,SIEM,D,260
109,SIEM,X,3456
110,SIEM,C,1000
110,SIEM,D,260
110,SIEM,X,3456
111,SIEM,C,1000
111,SIEM,D,260
111,SIEM,X,3456
112,SIEM,C,1000
112,SIEM,D,260
112,SIEM,X,3456
113,SIEM,C,1000
113,SIEM,D,260
113,SIEM,X,3456
114,SIEM,C,1000
114,SIEM,D,260
114,SIEM,X,3456
115,SIEM,C,1000
115,SIEM,D,260
115,SIEM,X,3456
116,SIEM,C,1000
116,SIEM,D,260
116,SIEM,X,3456
117,SIEM,C,1000
117,SIEM,D,260
117,SIEM,X,3456
118,SIEM,C,1000
118,SIEM,D,260
118,SIEM,X,3456
119,SIEM,C,1000
119,SIEM,D,260
119,SIEM,X,3456
120,SIEM,C,1000
120,SIEM,D,260
120,SIEM,X,3456
121,SIEM,C,1000
121,SIEM,D,260
121,SIEM,X,3456
122,SIEM,C,1000
122,SIEM,D,260
122,SIEM,X,3456
123,SIEM,C,1000
123,SIEM,D,260
123,SIEM,X,3456
124,SIEM,C,1000
124,SIEM,D,260
124,SIEM,X,3456
125,SIEM,C,1000
125,SIEM,D,260
125,SIEM,X,3456
126,SIEM,C,1000
126,SIEM,D,260
126,SIEM,X,3456
127,SIEM,C,1000
127,SIEM,D,260
127,SIEM,X,3456
128,SIEM,C,1000
128,SIEM,D,260
128,SIEM,X,3456
129,SIEM,C,1000
129,SIEM,D,260
129,SIEM,X,3456
130,SIEM,C,1000
130,SIEM,D,260
130,SIEM,X,3456
131,SIEM,C,1000
131,SIEM,D,260
131,SIEM,X,3456
132,SIEM,C,1000
132,SIEM,D,260
132,SIEM,X,3456
133,SIEM,C,1000
133,SIEM,D,260
133,SIEM,X,3456
134,SIEM,C,1000
134,SIEM,D,260
134,SIEM,X,3456
135,SIEM,C,1000
135,SIEM,D,260
135,SIEM,X,3456
136,SIEM,C,1000
136,SIEM,D,260
136,SIEM,X,3456
137,SIEM,C,1000
137,SIEM,D,260
137,SIEM,X,3456
138,SIEM,C,1000
138,SIEM,D,260
138,SIEM,X,3456
139,SIEM,C,1000
139,SIEM,D,260
139,SIEM,X,3456
140,SIEM,C,1000
140,SIEM,D,260
140,SIEM,X,3456
141,SIEM,C,1000
141,SIEM,D,260
141,SIEM,X,3456
142,SIEM,C,1000
142,SIEM,D,260
142,SIEM,X,3456
143,SIEM,C,1000
143,SIEM,D,260
143,SIEM,X,3456
144,SIEM,C,1000
144,SIEM,D,260
144,SIEM,X,3456
145,SIEM,C,1000
145,SIEM,D,260
145,SIEM,X,3456
146,SIEM,C,1000
146,SIEM,D,260
146,SIEM,X,3456
147,SIEM,C,1000
147,SIEM,D,260
147,SIEM,X,3456
148,SIEM,C,1000
148,SIEM,D,260
148,SIEM,X,3456
149,SIEM,C,1000
149,SIEM,D,260
149,SIEM,X,3456
150,SIEM,C,1000
150,SIEM,D,260
150,SIEM,X,3456
151,SIEM,C,1000
151,SIEM,D,260
151,SIEM,X,3456
152,SIEM,C,1000
152,SIEM,D,260
152,SIEM,X,3456
153,SIEM,C,1000
153,SIEM,D,260
153,SIEM,X,3456
154,SIEM,C,1000
154,SIEM,D,260
154,SIEM,X,3456
155,SIEM,C,1000
155,SIEM,D,260
155,SIEM,X,3456
156,SIEM,C,1000
156,SIEM,D,260
156,SIEM,X,3456
157,SIEM,C,1000
157,SIEM,D,260
157,SIEM,X,3456
158,SIEM,C,1000
158,SIEM,D,260
158,SIEM,X,3456
159,SIEM,C,1000
159,SIEM,D,260
159,SIEM,X,3456
160,SIEM,C,1000
160,SIEM,D,260
160,SIEM,X,3456
161,SIEM,C,1000
161,SIEM,D,260
161,SIEM,X,3456
162,SIEM,C,1000
162,SIEM,D,260
162,SIEM,X,3456
163,SIEM,C,1000
163,SIEM,D,260
163,SIEM,X,3456
164,SIEM,C,1000
164,SIEM,D,260
164,SIEM,X,3456
165,SIEM,C,1000
165,SIEM,D,260
165,SIEM,X,3456
166,SIEM,C,1000
166,SIEM,D,260
166,SIEM,X,3456
167,SIEM,C,1000
167,SIEM,D,260
167,SIEM,X,3456
168,SIEM,C,1000
168,SIEM,D,260
168,SIEM,X,3456
169,SIEM,C,1000
169,SIEM,D,260
169,SIEM,X,3456
170,SIEM,C,1000
170,SIEM,D,260
170,SIEM,X,3456
171,SIEM,C,1000
171,SIEM,D,260
171,SIEM,X,3456
172,SIEM,C,1000
172,SIEM,D,260
172,SIEM,X,3456
173,SIEM,C,1000
173,SIEM,D,260
173,SIEM,X,3456
174,SIEM,C,1000
174,SIEM,D,260
174,SIEM,X,3456
175,SIEM,C,1000
175,SIEM,D,260
175,SIEM,X,3456
176,SIEM,C,1000
176,SIEM,D,260
176,SIEM,X,3456
177,SIEM,C,1000
177,SIEM,D,260
177,SIEM,X,3456
178,SIEM,C,1000
178,SIEM,D,260
178,SIEM,X,3456
179,SIEM,C,1000
179,SIEM,D,260
179,SIEM,X,3456
180,SIEM,C,1000
180,SIEM,D,260
180,SIEM,X,3456
181,SIEM,C,1000
181,SIEM,D,260
181,SIEM,X,3456
182,SIEM,C,1000
182,SIEM,D,260
182,SIEM,X,3456
183,SIEM,C,1000
183,SIEM,D,260
183,SIEM,X,3456
184,SIEM,C,1000
184,SIEM,D,260
184,SIEM,X,3456
185,SIEM,C,1000
185,SIEM,D,260
185,SIEM,X,3456
186,SIEM,C,1000
186,SIEM,D,260
186,SIEM,X,3456
187,SIEM,C,1000
187,SIEM,D,260
187,SIEM,X,3456
188,SIEM,C,1000
188,SIEM,D,260
188,SIEM,X,3456
189,SIEM,C,1000
189,SIEM,D,260
189,SIEM,X,3456
190,SIEM,C,1000
190,SIEM,D,260
190,SIEM,X,3456
191,SIEM,C,1000
191,SIEM,D,260
191,SIEM,X,3456
192,SIEM,C,1000
192,SIEM,D,260
192,SIEM,X,3456
193,SIEM,C,1000
193,SIEM,D,260
193,SIEM,X,3456
194,SIEM,C,1000
194,SIEM,D,260
194,SIEM,X,3456
195,SIEM,C,1000
195,SIEM,D,260
195,SIEM,X,3456
196,SIEM,C,1000
196,SIEM,D,260
196,SIEM,X,3456
197,SIEM,C,1000
197,SIEM,D,260
197,SIEM,X,3456
198,SIEM,C,1000
198,SIEM,D,260
198,SIEM,X,3456
199,SIEM,C,1000
199,SIEM,D,260
199,SIEM,X,3456
200,SIEM,C,1000
200,SIEM,D,260
200,SIEM,X,3456
201,SIEM,C,1000
201,SIEM,D,260
201,SIEM,X,3456
202,SIEM,C,1000
202,SIEM,D,260
202,SIEM,X,3456
203,SIEM,C,1000
203,SIEM,D,260
203,SIEM,X,3456
204,SIEM,C,1000
204,SIEM,D,260
204,SIEM,X,3456
205,SIEM,C,1000
205,SIEM,D,260
205,SIEM,X,3456
206,SIEM,C,1000
206,SIEM,D,260
206,SIEM,X,3456
207,SIEM,C,1000
207,SIEM,D,260
207,SIEM,X,3456
208,SIEM,C,1000
208,SIEM,D,260
208,SIEM,X,3456
209,SIEM,C,1000
209,SIEM,D,260
209,SIEM,X,3456
210,SIEM,C,1000
210,SIEM,D,260
210,SIEM,X,3456
211,SIEM,C,1000
211,SIEM,D,260
211,SIEM,X,3456
212,SIEM,C,1000
212,SIEM,D,260
212,SIEM,X,3456
213,SIEM,C,1000
213,SIEM,D,260
213,SIEM,X,3456
214,SIEM,C,1000
214,SIEM,D,260
214,SIEM,X,3456
215,SIEM,C,1000
215,SIEM,D,260
215,SIEM,X,3456
216,SIEM,C,1000
216,SIEM,D,260
216,SIEM,X,3456
217,SIEM,C,1000
217,SIEM,D,260
217,SIEM,X,3456
218,SIEM,C,1000
218,SIEM,D,260
218,SIEM,X,3456
219,SIEM,C,1000
219,SIEM,D,260
219,SIEM,X,3456
220,SIEM,C,1000
220,SIEM,D,260
220,SIEM,X,3456
221,SIEM,C,1000
221,SIEM,D,260
221,SIEM,X,3456
222,SIEM,C,1000
222,SIEM,D,260
222,SIEM,X,3456
223,SIEM,C,1000
223,SIEM,D,260
223,SIEM,X,3456
224,SIEM,C,1000
224,SIEM,D,260
224,SIEM,X,3456
225,SIEM,C,1000
225,SIEM,D,260
225,SIEM,X,3456
226,SIEM,C,1000
226,SIEM,D,260
226,SIEM,X,3456
227,SIEM,C,1000
227,SIEM,D,260
227,SIEM,X,3456
228,SIEM,C,1000
228,SIEM,D,260
228,SIEM,X,3456
229,SIEM,C,1000
229,SIEM,D,260
229,SIEM,X,3456
230,SIEM,C,1000
230,SIEM,D,260
230,SIEM,X,3456
231,SIEM,C,1000
231,SIEM,D,260
231,SIEM,X,3456
232,SIEM,C,1000
232,SIEM,D,260
232,SIEM,X,3456
233,SIEM,C,1000
233,SIEM,D,260
233,SIEM,X,3456
234,SIEM,C,1000
234,SIEM,D,260
234,SIEM,X,3456
235,SIEM,C,1000
235,SIEM,D,260
235,SIEM,X,3456
236,SIEM,C,1000
236,SIEM,D,260
236,SIEM,X,3456
237,SIEM,C,1000
237,SIEM,D,260
237,SIEM,X,3456
238,SIEM,C,1000
238,SIEM,D,260
238,SIEM,X,3456
239,SIEM,C,1000
239,SIEM,D,260
239,SIEM,X,3456
240,SIEM,C,1000
240,SIEM,D,260
240,SIEM,X,3456
241,SIEM,C,1000
241,SIEM,D,260
241,SIEM,X,3456
242,SIEM,C,1000
242,SIEM,D,260
242,SIEM,X,3456
243,SIEM,C,1000
243,SIEM,D,260
243,SIEM,X,3456
244,SIEM,C,1000
244,SIEM,D,260
244,SIEM,X,3456
245,SIEM,C,1000
245,SIEM,D,260
245,SIEM,X,3456
246,SIEM,C,1000
246,SIEM,D,260
246,SIEM,X,3456
247,SIEM,C,1000
247,SIEM,D,260
247,SIEM,X,3456
248,SIEM,C,1000
248,SIEM,D,260
248,SIEM,X,3456
249,SIEM,C,1000
249,SIEM,D,260
249,SIEM,X,3456
250,SIEM,C,1000
250,SIEM,D,260
250,SIEM,X,3456
251,SIEM,C,1000
251,SIEM,D,260
251,SIEM,X,3456
252,SIEM,C,1000
252,SIEM,D,260
252,SIEM,X,3456
253,SIEM,C,1000
253,SIEM,D,260
253,SIEM,X,3456
254,SIEM,C,1000
254,SIEM,D,260
254,SIEM,X,3456
255,SIEM,C,1000
255,SIEM,D,260
255,SIEM,X,3456
256,SIEM,C,1000
256,SIEM,D,260
256,SIEM,X,3456
257,SIEM,C,1000
257,SIEM,D,260
257,SIEM,X,3456
258,SIEM,C,1000
258,SIEM,D,260
258,SIEM,X,3456
259,SIEM,C,1000
259,SIEM,D,260
259,SIEM,X,3456
260,SIEM,C,1000
260,SIEM,D,260
260,SIEM,X,3456
261,SIEM,C,1000
261,SIEM,D,260
261,SIEM,X,3456
262,SIEM,C,1000
262,SIEM,D,260
262,SIEM,X,3456
263,SIEM,C,1000
263,SIEM,D,260
263,SIEM,X,3456
264,SIEM,C,1000
264,SIEM,D,260
264,SIEM,X,3456
265,SIEM,C,1000
265,SIEM,D,260
265,SIEM,X,3456
266,SIEM,C,1000
266,SIEM,D,260
266,SIEM,X,3456
267,SIEM,C,1000
267,SIEM,D,260
267,SIEM,X,3456
268,SIEM,C,1000
268,SIEM,D,260
268,SIEM,X,3456
269,SIEM,C,1000
269,SIEM,D,260
269,SIEM,X,3456
270,SIEM,C,1000
270,SIEM,D,260
270,SIEM,X,3456
271,SIEM,C,1000
271,SIEM,D,260
271,SIEM,X,3456
272,SIEM,C,1000
272,SIEM,D,260
272,SIEM,X,3456
273,SIEM,C,1000
273,SIEM,D,260
273,SIEM,X,3456
274,SIEM,C,1000
274,SIEM,D,260
274,SIEM,X,3456
275,SIEM,C,1000
275,SIEM,D,260
275,SIEM,X,3456
276,SIEM,C,1000
276,SIEM,D,260
276,SIEM,X,3456
277,SIEM,C,1000
277,SIEM,D,260
277,SIEM,X,3456
278,SIEM,C,1000
278,SIEM,D,260
278,SIEM,X,3456
279,SIEM,C,1000
279,SIEM,D,260
279,SIEM,X,3456
280,SIEM,C,1000
280,SIEM,D,260
280,SIEM,X,3456
281,SIEM,C,1000
281,SIEM,D,260
281,SIEM,X,3456
282,SIEM,C,1000
282,SIEM,D,260
282,SIEM,X,3456
283,SIEM,C,1000
283,SIEM,D,260
283,SIEM,X,3456
284,SIEM,C,1000
284,SIEM,D,260
284,SIEM,X,3456
285,SIEM,C,1000
285,SIEM,D,260
285,SIEM,X,3456
286,SIEM,C,1000
286,SIEM,D,260
286,SIEM,X,3456
287,SIEM,C,1000
287,SIEM,D,260
287,SIEM,X,3456
288,SIEM,C,1000
288,SIEM,D,260
288,SIEM,X,3456
289,SIEM,C,1000
289,SIEM,D,260
289,SIEM,X,3456
290,SIEM,C,1000
290,SIEM,D,260
290,SIEM,X,3456
291,SIEM,C,1000
291,SIEM,D,260
291,SIEM,X,3456
292,SIEM,C,1000
292,SIEM,D,260
292,SIEM,X,3456
293,SIEM,C,1000
293,SIEM,D,260
293,SIEM,X,3456
294,SIEM,C,1000
294,SIEM,D,260
294,SIEM,X,3456
295,SIEM,C,1000
295,SIEM,D,260
295,SIEM,X,3456
296,SIEM,C,1000
296,SIEM,D,260
296,SIEM,X,3456
297,SIEM,C,1000
297,SIEM,D,260
297,SIEM,X,3456
298,SIEM,C,1000
298,SIEM,D,260
298,SIEM,X,3456
299,SIEM,C,1000
299,SIEM,D,260
299,SIEM,X,3456
300,SIEM,C,1000
300,SIEM,D,260
300,SIEM,X,3456
301,SIEM,C,1000
301,SIEM,D,260
301,SIEM,X,3456
302,SIEM,C,1000
302,SIEM,D,260
302,SIEM,X,3456
303,SIEM,C,1000
303,SIEM,D,260
303,SIEM,X,3456
304,SIEM,C,1000
304,SIEM,D,260
304,SIEM,X,3456
305,SIEM,C,1000
305,SIEM,D,260
305,SIEM,X,3456
306,SIEM,C,1000
306,SIEM,D,260
306,SIEM,X,3456
307,SIEM,C,1000
307,SIEM,D,260
307,SIEM,X,3456
308,SIEM,C,1000
308,SIEM,D,260
308,SIEM,X,3456
309,SIEM,C,1000
309,SIEM,D,260
309,SIEM,X,3456
310,SIEM,C,1000
310,SIEM,D,260
310,SIEM,X,3456
311,SIEM,C,1000
311,SIEM,D,260
311,SIEM,X,3456
312,SIEM,C,1000
312,SIEM,D,260
312,SIEM,X,3456
313,SIEM,C,1000
313,SIEM,D,260
313,SIEM,X,3456
314,SIEM,C,1000
314,SIEM,D,260
314,SIEM,X,3456
315,SIEM,C,1000
315,SIEM,D,260
315,SIEM,X,3456
316,SIEM,C,1000
316,SIEM,D,260
316,SIEM,X,3456
317,SIEM,C,1000
317,SIEM,D,260
317,SIEM,X,3456
318,SIEM,C,1000
318,SIEM,D,260
318,SIEM,X,3456
319,SIEM,C,1000
319,SIEM,D,260
319,SIEM,X,3456
320,SIEM,C,1000
320,SIEM,D,260
320,SIEM,X,3456
321,SIEM,C,1000
321,SIEM,D,260
321,SIEM,X,3456
322,SIEM,C,1000
322,SIEM,D,260
322,SIEM,X,3456
323,SIEM,C,1000
323,SIEM,D,260
323,SIEM,X,3456
324,SIEM,C,1000
324,SIEM,D,260
324,SIEM,X,3456
325,SIEM,C,1000
325,SIEM,D,260
325,SIEM,X,3456
326,SIEM,C,1000
326,SIEM,D,260
326,SIEM,X,3456
327,SIEM,C,1000
327,SIEM,D,260
327,SIEM,X,3456
328,SIEM,C,1000
328,SIEM,D,260
328,SIEM,X,3456
329,SIEM,C,1000
329,SIEM,D,260
329,SIEM,X,3456
330,SIEM,C,1000
330,SIEM,D,260
330,SIEM,X,3456
331,SIEM,C,1000
331,SIEM,D,260
331,SIEM,X,3456
332,SIEM,C,1000
332,SIEM,D,260
332,SIEM,X,3456
333,SIEM,C,1000
333,SIEM,D,260
333,SIEM,X,3456
334,SIEM,C,1000
334,SIEM,D,260
334,SIEM,X,3456
335,SIEM,C,1000
335,SIEM,D,260
335,SIEM,X,3456
336,SIEM,C,1000
336,SIEM,D,260
336,SIEM,X,3456
337,SIEM,C,1000
337,SIEM,D,260
337,SIEM,X,3456
338,SIEM,C,1000
338,SIEM,D,260
338,SIEM,X,3456
339,SIEM,C,1000
339,SIEM,D,260
339,SIEM,X,3456
340,SIEM,C,1000
340,SIEM,D,260
340,SIEM,X,3456
341,SIEM,C,1000
341,SIEM,D,260
341,SIEM,X,3456
342,SIEM,C,1000
342,SIEM,D,260
342,SIEM,X,3456
343,SIEM,C,1000
343,SIEM,D,260
343,SIEM,X,3456
344,SIEM,C,1000
344,SIEM,D,260
344,SIEM,X,3456
345,SIEM,C,1000
345,SIEM,D,260
345,SIEM,X,3456
346,SIEM,C,1000
346,SIEM,D,260
346,SIEM,X,3456
347,SIEM,C,1000
347,SIEM,D,260
347,SIEM,X,3456
348,SIEM,C,1000
348,SIEM,D,260
348,SIEM,X,3456
349,SIEM,C,1000
349,SIEM,D,260
349,SIEM,X,3456
350,SIEM,C,1000
350,SIEM,D,260
350,SIEM,X,3456
351,SIEM,C,1000
351,SIEM,D,260
351,SIEM,X,3456
352,SIEM,C,1000
352,SIEM,D,260
352,SIEM,X,3456
353,SIEM,C,1000
353,SIEM,D,260
353,SIEM,X,3456
354,SIEM,C,1000
354,SIEM,D,260
354,SIEM,X,3456
355,SIEM,C,1000
355,SIEM,D,260
355,SIEM,X,3456
356,SIEM,C,1000
356,SIEM,D,260
356,SIEM,X,3456
357,SIEM,C,1000
357,SIEM,D,260
357,SIEM,X,3456
358,SIEM,C,1000
358,SIEM,D,260
358,SIEM,X,3456
359,SIEM,C,1000
359,SIEM,D,260
359,SIEM,X,3456
360,SIEM,C,1000
360,SIEM,D,260
360,SIEM,X,3456
361,SIEM,C,1000
361,SIEM,D,260
361,SIEM,X,3456
362,SIEM,C,1000
362,SIEM,D,260
362,SIEM,X,3456
363,SIEM,C,1000
363,SIEM,D,260
363,SIEM,X,3456
364,SIEM,C,1000
364,SIEM,D,260
364,SIEM,X,3456
365,SIEM,C,1000
365,SIEM,D,260
365,SIEM,X,3456
366,SIEM,C,1000
366,SIEM,D,260
366,SIEM,X,3456
367,SIEM,C,1000
367,SIEM,D,260
367,SIEM,X,3456
368,SIEM,C,1000
368,SIEM,D,260
368,SIEM,X,3456
369,SIEM,C,1000
369,SIEM,D,260
369,SIEM,X,3456
370,SIEM,C,1000
370,SIEM,D,260
370,SIEM,X,3456
371,SIEM,C,1000
371,SIEM,D,260
371,SIEM,X,3456
372,SIEM,C,1000
372,SIEM,D,260
372,SIEM,X,3456
373,SIEM,C,1000
373,SIEM,D,260
373,SIEM,X,3456
374,SIEM,C,1000
374,SIEM,D,260
374,SIEM,X,3456
375,SIEM,C,1000
375,SIEM,D,260
375,SIEM,X,3456
376,SIEM,C,1000
376,SIEM,D,260
376,SIEM,X,3456
377,SIEM,C,1000
377,SIEM,D,260
377,SIEM,X,3456
378,SIEM,C,1000
378,SIEM,D,260
378,SIEM,X,3456
379,SIEM,C,1000
379,SIEM,D,260
379,SIEM,X,3456
380,SIEM,C,1000
380,SIEM,D,260
380,SIEM,X,3456
381,SIEM,C,1000
381,SIEM,D,260
381,SIEM,X,3456
382,SIEM,C,1000
382,SIEM,D,260
382,SIEM,X,3456
383,SIEM,C,1000
383,SIEM,D,260
383,SIEM,X,3456
384,SIEM,C,1000
384,SIEM,D,260
384,SIEM,X,3456
385,SIEM,C,1000
385,SIEM,D,260
385,SIEM,X,3456
386,SIEM,C,1000
386,SIEM,D,260
386,SIEM,X,3456
387,SIEM,C,1000
387,SIEM,D,260
387,SIEM,X,3456
388,SIEM,C,1000
388,SIEM,D,260
388,SIEM,X,3456
389,SIEM,C,1000
389,SIEM,D,260
389,SIEM,X,3456
390,SIEM,C,1000
390,SIEM,D,260
390,SIEM,X,3456
391,SIEM,C,1000
391,SIEM,D,260
391,SIEM,X,3456
392,SIEM,C,1000
392,SIEM,D,260
392,SIEM,X,3456
393,SIEM,C,1000
393,SIEM,D,260
393,SIEM,X,3456
394,SIEM,C,1000
394,SIEM,D,260
394,SIEM,X,3456
395,SIEM,C,1000
395,SIEM,D,260
395,SIEM,X,3456
396,SIEM,C,1000
396,SIEM,D,260
396,SIEM,X,3456
397,SIEM,C,1000
397,SIEM,D,260
397,SIEM,X,3456
398,SIEM,C,1000
398,SIEM,D,260
398,SIEM,X,3456
399,SIEM,C,1000
399,SIEM,D,260
399,SIEM,X,3456
400,SIEM,C,1000
400,SIEM,D,260
400,SIEM,X,3456
401,SIEM,C,1000
401,SIEM,D,260
401,SIEM,X,3456
402,SIEM,C,1000
402,SIEM,D,260
402,SIEM,X,3456
403,SIEM,C,1000
403,SIEM,D,260
403,SIEM,X,3456
404,SIEM,C,1000
404,SIEM,D,260
404,SIEM,X,3456
405,SIEM,C,1000
405,SIEM,D,260
405,SIEM,X,3456
406,SIEM,C,1000
406,SIEM,D,260
406,SIEM,X,3456
407,SIEM,C,1000
407,SIEM,D,260
407,SIEM,X,3456
408,SIEM,C,1000
408,SIEM,D,260
408,SIEM,X,3456
409,SIEM,C,1000
409,SIEM,D,260
409,SIEM,X,3456
410,SIEM,C,1000
410,SIEM,D,260
410,SIEM,X,3456
411,SIEM,C,1000
411,SIEM,D,260
411,SIEM,X,3456
412,SIEM,C,1000
412,SIEM,D,260
412,SIEM,X,3456
413,SIEM,C,1000
413,SIEM,D,260
413,SIEM,X,3456
414,SIEM,C,1000
414,SIEM,D,260
414,SIEM,X,3456
415,SIEM,C,1000
415,SIEM,D,260
415,SIEM,X,3456
416,SIEM,C,1000
416,SIEM,D,260
416,SIEM,X,3456
417,SIEM,C,1000
417,SIEM,D,260
417,SIEM,X,3456
418,SIEM,C,1000
418,SIEM,D,260
418,SIEM,X,3456
419,SIEM,C,1000
419,SIEM,D,260
419,SIEM,X,3456
420,SIEM,C,1000
420,SIEM,D,260
420,SIEM,X,3456
421,SIEM,C,1000
421,SIEM,D,260
421,SIEM,X,3456
422,SIEM,C,1000
422,SIEM,D,260
422,SIEM,X,3456
423,SIEM,C,1000
423,SIEM,D,260
423,SIEM,X,3456
424,SIEM,C,1000
424,SIEM,D,260
424,SIEM,X,3456
425,SIEM,C,1000
425,SIEM,D,260
425,SIEM,X,3456
426,SIEM,C,1000
426,SIEM,D,260
426,SIEM,X,3456
427,SIEM,C,1000
427,SIEM,D,260
427,SIEM,X,3456
428,SIEM,C,1000
428,SIEM,D,260
428,SIEM,X,3456
429,SIEM,C,1000
429,SIEM,D,260
429,SIEM,X,3456
430,SIEM,C,1000
430,SIEM,D,260
430,SIEM,X,3456
431,SIEM,C,1000
431,SIEM,D,260
431,SIEM,X,3456
432,SIEM,C,1000
432,SIEM,D,260
432,SIEM,X,3456
433,SIEM,C,1000
433,SIEM,D,260
433,SIEM,X,3456
434,SIEM,C,1000
434,SIEM,D,260
434,SIEM,X,3456
435,SIEM,C,1000
435,SIEM,D,260
435,SIEM,X,3456
436,SIEM,C,1000
436,SIEM,D,260
436,SIEM,X,3456
437,SIEM,C,1000
437,SIEM,D,260
437,SIEM,X,3456
438,SIEM,C,1000
438,SIEM,D,260
438,SIEM,X,3456
439,SIEM,C,1000
439,SIEM,D,260
439,SIEM,X,3456
440,SIEM,C,1000
440,SIEM,D,260
440,SIEM,X,3456
441,SIEM,C,1000
441,SIEM,D,260
441,SIEM,X,3456
442,SIEM,C,1000
442,SIEM,D,260
442,SIEM,X,3456
443,SIEM,C,1000
443,SIEM,D,260
443,SIEM,X,3456
444,SIEM,C,1000
444,SIEM,D,260
444,SIEM,X,3456
445,SIEM,C,1000
445,SIEM,D,260
445,SIEM,X,3456
446,SIEM,C,1000
446,SIEM,D,260
446,SIEM,X,3456
447,SIEM,C,1000
447,SIEM,D,260
447,SIEM,X,3456
448,SIEM,C,1000
448,SIEM,D,260
448,SIEM,X,3456
449,SIEM,C,1000
449,SIEM,D,260
449,SIEM,X,3456
450,SIEM,C,1000
450,SIEM,D,260
450,SIEM,X,3456
451,SIEM,C,1000
451,SIEM,D,260
451,SIEM,X,3456
452,SIEM,C,1000
452,SIEM,D,260
452,SIEM,X,3456
453,SIEM,C,1000
453,SIEM,D,260
453,SIEM,X,3456
454,SIEM,C,1000
454,SIEM,D,260
454,SIEM,X,3456
455,SIEM,C,1000
455,SIEM,D,260
455,SIEM,X,3456
456,SIEM,C,1000
456,SIEM,D,260
456,SIEM,X,3456
457,SIEM,C,1000
457,SIEM,D,260
457,SIEM,X,3456
458,SIEM,C,1000
458,SIEM,D,260
458,SIEM,X,3456
459,SIEM,C,1000
459,SIEM,D,260
459,SIEM,X,3456
460,SIEM,C,1000
460,SIEM,D,260
460,SIEM,X,3456
461,SIEM,C,1000
461,SIEM,D,260
461,SIEM,X,3456
462,SIEM,C,1000
462,SIEM,D,260
462,SIEM,X,3456
463,SIEM,C,1000
463,SIEM,D,260
463,SIEM,X,3456
464,SIEM,C,1000
464,SIEM,D,260
464,SIEM,X,3456
465,SIEM,C,1000
465,SIEM,D,260
465,SIEM,X,3456
466,SIEM,C,1000
466,SIEM,D,260
466,SIEM,X,3456
467,SIEM,C,1000
467,SIEM,D,260
467,SIEM,X,3456
468,SIEM,C,1000
468,SIEM,D,260
468,SIEM,X,3456
469,SIEM,C,1000
469,SIEM,D,260
469,SIEM,X,3456
470,SIEM,C,1000
470,SIEM,D,260
470,SIEM,X,3456
471,SIEM,C,1000
471,SIEM,D,260
471,SIEM,X,3456
472,SIEM,C,1000
472,SIEM,D,260
472,SIEM,X,3456
473,SIEM,C,1000
473,SIEM,D,260
473,SIEM,X,3456
474,SIEM,C,1000
474,SIEM,D,260
474,SIEM,X,3456
475,SIEM,C,1000
475,SIEM,D,260
475,SIEM,X,3456
476,SIEM,C,1000
476,SIEM,D,260
476,SIEM,X,3456
477,SIEM,C,1000
477,SIEM,D,260
477,SIEM,X,3456
478,SIEM,C,1000
478,SIEM,D,260
478,SIEM,X,3456
479,SIEM,C,1000
479,SIEM,D,260
479,SIEM,X,3456
480,SIEM,C,1000
480,SIEM,D,260
480,SIEM,X,3456
481,SIEM,C,1000
481,SIEM,D,260
481,SIEM,X,3456
482,SIEM,C,1000
482,SIEM,D,260
482,SIEM,X,3456
483,SIEM,C,1000
483,SIEM,D,260
483,SIEM,X,3456
484,SIEM,C,1000
484,SIEM,D,260
484,SIEM,X,3456
485,SIEM,C,1000
485,SIEM,D,260
485,SIEM,X,3456
486,SIEM,C,1000
486,SIEM,D,260
486,SIEM,X,3456
487,SIEM,C,1000
487,SIEM,D,260
487,SIEM,X,3456
488,SIEM,C,1000
488,SIEM,D,260
488,SIEM,X,3456
489,SIEM,C,1000
489,SIEM,D,260
489,SIEM,X,3456
490,SIEM,C,1000
490,SIEM,D,260
490,SIEM,X,3456
491,SIEM,C,1000
491,SIEM,D,260
491,SIEM,X,3456
492,SIEM,C,1000
492,SIEM,D,260
492,SIEM,X,3456
493,SIEM,C,1000
493,SIEM,D,260
493,SIEM,X,3456
494,SIEM,C,1000
494,SIEM,D,260
494,SIEM,X,3456
495,SIEM,C,1000
495,SIEM,D,260
495,SIEM,X,3456
496,SIEM,C,1000
496,SIEM,D,260
496,SIEM,X,3456
497,SIEM,C,1000
497,SIEM,D,260
497,SIEM,X,3456
498,SIEM,C,1000
498,SIEM,D,260
498,SIEM,X,3456
499,SIEM,C,1000
499,SIEM,D,260
499,SIEM,X,3456
500,SIEM,C,1000
500,SIEM,D,260
500,SIEM,X,3456
501,SIEM,C,1000
501,SIEM,D,260
501,SIEM,X,3456
502,SIEM,C,1000
502,SIEM,D,260
502,SIEM,X,3456
503,SIEM,C,1000
503,SIEM,D,260
503,SIEM,X,3456
504,SIEM,C,1000
504,SIEM,D,260
504,SIEM,X,3456
505,SIEM,C,1000
505,SIEM,D,260
505,SIEM,X,3456
506,SIEM,C,1000
506,SIEM,D,260
506,SIEM,X,3456
507,SIEM,C,1000
507,SIEM,D,260
507,SIEM,X,3456
508,SIEM,C,1000
508,SIEM,D,260
508,SIEM,X,3456
509,SIEM,C,1000
509,SIEM,D,260
509,SIEM,X,3456
510,SIEM,C,1000
510,SIEM,D,260
510,SIEM,X,3456
511,SIEM,C,1000
511,SIEM,D,260
511,SIEM,X,3456
512,SIEM,C,1000
512,SIEM,D,260
512,SIEM,X,3456
513,SIEM,C,1000
513,SIEM,D,260
513,SIEM,X,3456
514,SIEM,C,1000
514,SIEM,D,260
514,SIEM,X,3456
515,SIEM,C,1000
515,SIEM,D,260
515,SIEM,X,3456
516,SIEM,C,1000
516,SIEM,D,260
516,SIEM,X,3456
517,SIEM,C,1000
517,SIEM,D,260
517,SIEM,X,3456
518,SIEM,C,1000
518,SIEM,D,260
518,SIEM,X,3456
519,SIEM,C,1000
519,SIEM,D,260
519,SIEM,X,3456
520,SIEM,C,1000
520,SIEM,D,260
520,SIEM,X,3456
521,SIEM,C,1000
521,SIEM,D,260
521,SIEM,X,3456
522,SIEM,C,1000
522,SIEM,D,260
522,SIEM,X,3456
523,SIEM,C,1000
523,SIEM,D,260
523,SIEM,X,3456
524,SIEM,C,1000
524,SIEM,D,260
524,SIEM,X,3456
525,SIEM,C,1000
525,SIEM,D,260
525,SIEM,X,3456
526,SIEM,C,1000
526,SIEM,D,260
526,SIEM,X,3456
527,SIEM,C,1000
527,SIEM,D,260
527,SIEM,X,3456
528,SIEM,C,1000
528,SIEM,D,260
528,SIEM,X,3456
529,SIEM,C,1000
529,SIEM,D,260
529,SIEM,X,3456
530,SIEM,C,1000
530,SIEM,D,260
530,SIEM,X,3456
531,SIEM,C,1000
531,SIEM,D,260
531,SIEM,X,3456
532,SIEM,C,1000
532,SIEM,D,260
532,SIEM,X,3456
533,SIEM,C,1000
533,SIEM,D,260
533,SIEM,X,3456
534,SIEM,C,1000
534,SIEM,D,260
534,SIEM,X,3456
535,SIEM,C,1000
535,SIEM,D,260
535,SIEM,X,3456
536,SIEM,C,1000
536,SIEM,D,260
536,SIEM,X,3456
537,SIEM,C,1000
537,SIEM,D,260
537,SIEM,X,3456
538,SIEM,C,1000
538,SIEM,D,260
538,SIEM,X,3456
539,SIEM,C,1000
539,SIEM,D,260
539,SIEM,X,3456
540,SIEM,C,1000
540,SIEM,D,260
540,SIEM,X,3456
541,SIEM,C,1000
541,SIEM,D,260
541,SIEM,X,3456
542,SIEM,C,1000
542,SIEM,D,260
542,SIEM,X,3456
543,SIEM,C,1000
543,SIEM,D,260
543,SIEM,X,3456
544,SIEM,C,1000
544,SIEM,D,260
544,SIEM,X,3456
545,SIEM,C,1000
545,SIEM,D,260
545,SIEM,X,3456
546,SIEM,C,1000
546,SIEM,D,260
546,SIEM,X,3456
547,SIEM,C,1000
547,SIEM,D,260
547,SIEM,X,3456
548,SIEM,C,1000
548,SIEM,D,260
548,SIEM,X,3456
549,SIEM,C,1000
549,SIEM,D,260
549,SIEM,X,3456
550,SIEM,C,1000
550,SIEM,D,260
550,SIEM,X,3456
551,SIEM,C,1000
551,SIEM,D,260
551,SIEM,X,3456
552,SIEM,C,1000
552,SIEM,D,260
552,SIEM,X,3456
553,SIEM,C,1000
553,SIEM,D,260
553,SIEM,X,3456
554,SIEM,C,1000
554,SIEM,D,260
554,SIEM,X,3456
555,SIEM,C,1000
555,SIEM,D,260
555,SIEM,X,3456
556,SIEM,C,1000
556,SIEM,D,260
556,SIEM,X,3456
557,SIEM,C,1000
557,SIEM,D,260
557,SIEM,X,3456
558,SIEM,C,1000
558,SIEM,D,260
558,SIEM,X,3456
559,SIEM,C,1000
559,SIEM,D,260
559,SIEM,X,3456
560,SIEM,C,1000
560,SIEM,D,260
560,SIEM,X,3456
561,SIEM,C,1000
561,SIEM,D,260
561,SIEM,X,3456
562,SIEM,C,1000
562,SIEM,D,260
562,SIEM,X,3456
563,SIEM,C,1000
563,SIEM,D,260
563,SIEM,X,3456
564,SIEM,C,1000
564,SIEM,D,260
564,SIEM,X,3456
565,SIEM,C,1000
565,SIEM,D,260
565,SIEM,X,3456
566,SIEM,C,1000
566,SIEM,D,260
566,SIEM,X,3456
567,SIEM,C,1000
567,SIEM,D,260
567,SIEM,X,3456
568,SIEM,C,1000
568,SIEM,D,260
568,SIEM,X,3456
569,SIEM,C,1000
569,SIEM,D,260
569,SIEM,X,3456
570,SIEM,C,1000
570,SIEM,D,260
570,SIEM,X,3456
571,SIEM,C,1000
571,SIEM,D,260
571,SIEM,X,3456
572,SIEM,C,1000
572,SIEM,D,260
572,SIEM,X,3456
573,SIEM,C,1000
573,SIEM,D,260
573,SIEM,X,3456
574,SIEM,C,1000
574,SIEM,D,260
574,SIEM,X,3456
575,SIEM,C,1000
575,SIEM,D,260
575,SIEM,X,3456
576,SIEM,C,1000
576,SIEM,D,260
576,SIEM,X,3456
577,SIEM,C,1000
577,SIEM,D,260
577,SIEM,X,3456
578,SIEM,C,1000
578,SIEM,D,260
578,SIEM,X,3456
579,SIEM,C,1000
579,SIEM,D,260
579,SIEM,X,3456
580,SIEM,C,1000
580,SIEM,D,260
580,SIEM,X,3456
581,SIEM,C,1000
581,SIEM,D,260
581,SIEM,X,3456
582,SIEM,C,1000
582,SIEM,D,260
582,SIEM,X,3456
583,SIEM,C,1000
583,SIEM,D,260
583,SIEM,X,3456
584,SIEM,C,1000
584,SIEM,D,260
584,SIEM,X,3456
585,SIEM,C,1000
585,SIEM,D,260
585,SIEM,X,3456
586,SIEM,C,1000
586,SIEM,D,260
586,SIEM,X,3456
587,SIEM,C,1000
587,SIEM,D,260
587,SIEM,X,3456
588,SIEM,C,1000
588,SIEM,D,260
588,SIEM,X,3456
589,SIEM,C,1000
589,SIEM,D,260
589,SIEM,X,3456
590,SIEM,C,1000
590,SIEM,D,260
590,SIEM,X,3456
591,SIEM,C,1000
591,SIEM,D,260
591,SIEM,X,3456
592,SIEM,C,1000
592,SIEM,D,260
592,SIEM,X,3456
593,SIEM,C,1000
593,SIEM,D,260
593,SIEM,X,3456
594,SIEM,C,1000
594,SIEM,D,260
594,SIEM,X,3456
595,SIEM,C,1000
595,SIEM,D,260
595,SIEM,X,3456
596,SIEM,C,1000
596,SIEM,D,260
596,SIEM,X,3456
597,SIEM,C,1000
597,SIEM,D,260
597,SIEM,X,3456
598,SIEM,C,1000
598,SIEM,D,260
598,SIEM,X,3456
599,SIEM,C,1000
599,SIEM,D,260
599,SIEM,X,3456
600,SIEM,C,1000
600,SIEM,D,260
600,SIEM,X,3456
601,SIEM,C,1000
601,SIEM,D,260
601,SIEM,X,3456
602,SIEM,C,1000
602,SIEM,D,260
602,SIEM,X,3456
603,SIEM,C,1000
603,SIEM,D,260
603,SIEM,X,3456
604,SIEM,C,1000
604,SIEM,D,260
604,SIEM,X,3456
605,SIEM,C,1000
605,SIEM,D,260
605,SIEM,X,3456
606,SIEM,C,1000
606,SIEM,D,260
606,SIEM,X,3456
607,SIEM,C,1000
607,SIEM,D,260
607,SIEM,X,3456
608,SIEM,C,1000
608,SIEM,D,260
608,SIEM,X,3456
609,SIEM,C,1000
609,SIEM,D,260
609,SIEM,X,3456
610,SIEM,C,1000
610,SIEM,D,260
610,SIEM,X,3456
611,SIEM,C,1000
611,SIEM,D,260
611,SIEM,X,3456
612,SIEM,C,1000
612,SIEM,D,260
612,SIEM,X,3456
613,SIEM,C,1000
613,SIEM,D,260
613,SIEM,X,3456
614,SIEM,C,1000
614,SIEM,D,260
614,SIEM,X,3456
615,SIEM,C,1000
615,SIEM,D,260
615,SIEM,X,3456
616,SIEM,C,1000
616,SIEM,D,260
616,SIEM,X,3456
617,SIEM,C,1000
617,SIEM,D,260
617,SIEM,X,3456
618,SIEM,C,1000
618,SIEM,D,260
618,SIEM,X,3456
619,SIEM,C,1000
619,SIEM,D,260
619,SIEM,X,3456
620,SIEM,C,1000
620,SIEM,D,260
620,SIEM,X,3456
621,SIEM,C,1000
621,SIEM,D,260
621,SIEM,X,3456
622,SIEM,C,1000
622,SIEM,D,260
622,SIEM,X,3456
623,SIEM,C,1000
623,SIEM,D,260
623,SIEM,X,3456
624,SIEM,C,1000
624,SIEM,D,260
624,SIEM,X,3456
625,SIEM,C,1000
625,SIEM,D,260
625,SIEM,X,3456
626,SIEM,C,1000
626,SIEM,D,260
626,SIEM,X,3456
627,SIEM,C,1000
627,SIEM,D,260
627,SIEM,X,3456
628,SIEM,C,1000
628,SIEM,D,260
628,SIEM,X,3456
629,SIEM,C,1000
629,SIEM,D,260
629,SIEM,X,3456
630,SIEM,C,1000
630,SIEM,D,260
630,SIEM,X,3456
631,SIEM,C,1000
631,SIEM,D,260
631,SIEM,X,3456
632,SIEM,C,1000
632,SIEM,D,260
632,SIEM,X,3456
633,SIEM,C,1000
633,SIEM,D,260
633,SIEM,X,3456
634,SIEM,C,1000
634,SIEM,D,260
634,SIEM,X,3456
635,SIEM,C,1000
635,SIEM,D,260
635,SIEM,X,3456
636,SIEM,C,1000
636,SIEM,D,260
636,SIEM,X,3456
637,SIEM,C,1000
637,SIEM,D,260
637,SIEM,X,3456
638,SIEM,C,1000
638,SIEM,D,260
638,SIEM,X,3456
639,SIEM,C,1000
639,SIEM,D,260
639,SIEM,X,3456
640,SIEM,C,1000
640,SIEM,D,260
640,SIEM,X,3456
641,SIEM,C,1000
641,SIEM,D,260
641,SIEM,X,3456
642,SIEM,C,1000
642,SIEM,D,260
642,SIEM,X,3456
643,SIEM,C,1000
643,SIEM,D,260
643,SIEM,X,3456
644,SIEM,C,1000
644,SIEM,D,260
644,SIEM,X,3456
645,SIEM,C,1000
645,SIEM,D,260
645,SIEM,X,3456
646,SIEM,C,1000
646,SIEM,D,260
646,SIEM,X,3456
647,SIEM,C,1000
647,SIEM,D,260
647,SIEM,X,3456
648,SIEM,C,1000
648,SIEM,D,260
648,SIEM,X,3456
649,SIEM,C,1000
649,SIEM,D,260
649,SIEM,X,3456
650,SIEM,C,1000
650,SIEM,D,260
650,SIEM,X,3456
651,SIEM,C,1000
651,SIEM,D,260
651,SIEM,X,3456
652,SIEM,C,1000
652,SIEM,D,260
652,SIEM,X,3456
653,SIEM,C,1000
653,SIEM,D,260
653,SIEM,X,3456
654,SIEM,C,1000
654,SIEM,D,260
654,SIEM,X,3456
655,SIEM,C,1000
655,SIEM,D,260
655,SIEM,X,3456
656,SIEM,C,1000
656,SIEM,D,260
656,SIEM,X,3456
657,SIEM,C,1000
657,SIEM,D,260
657,SIEM,X,3456
658,SIEM,C,1000
658,SIEM,D,260
658,SIEM,X,3456
659,SIEM,C,1000
659,SIEM,D,260
659,SIEM,X,3456
660,SIEM,C,1000
660,SIEM,D,260
660,SIEM,X,3456
661,SIEM,C,1000
661,SIEM,D,260
661,SIEM,X,3456
662,SIEM,C,1000
662,SIEM,D,260
662,SIEM,X,3456
663,SIEM,C,1000
663,SIEM,D,260
663,SIEM,X,3456
664,SIEM,C,1000
664,SIEM,D,260
664,SIEM,X,3456
665,SIEM,C,1000
665,SIEM,D,260
665,SIEM,X,3456
666,SIEM,C,1000
666,SIEM,D,260
666,SIEM,X,3456
667,SIEM,C,1000
667,SIEM,D,260
667,SIEM,X,3456
668,SIEM,C,1000
668,SIEM,D,260
668,SIEM,X,3456
669,SIEM,C,1000
669,SIEM,D,260
669,SIEM,X,3456
670,SIEM,C,1000
670,SIEM,D,260
670,SIEM,X,3456
671,SIEM,C,1000
671,SIEM,D,260
671,SIEM,X,3456
672,SIEM,C,1000
672,SIEM,D,260
672,SIEM,X,3456
673,SIEM,C,1000
673,SIEM,D,260
673,SIEM,X,3456
674,SIEM,C,1000
674,SIEM,D,260
674,SIEM,X,3456
675,SIEM,C,1000
675,SIEM,D,260
675,SIEM,X,3456
676,SIEM,C,1000
676,SIEM,D,260
676,SIEM,X,3456
677,SIEM,C,1000
677,SIEM,D,260
677,SIEM,X,3456
678,SIEM,C,1000
678,SIEM,D,260
678,SIEM,X,3456
679,SIEM,C,1000
679,SIEM,D,260
679,SIEM,X,3456
680,SIEM,C,1000
680,SIEM,D,260
680,SIEM,X,3456
681,SIEM,C,1000
681,SIEM,D,260
681,SIEM,X,3456
682,SIEM,C,1000
682,SIEM,D,260
682,SIEM,X,3456
683,SIEM,C,1000
683,SIEM,D,260
683,SIEM,X,3456
684,SIEM,C,1000
684,SIEM,D,260
684,SIEM,X,3456
685,SIEM,C,1000
685,SIEM,D,260
685,SIEM,X,3456
686,SIEM,C,1000
686,SIEM,D,260
686,SIEM,X,3456
687,SIEM,C,1000
687,SIEM,D,260
687,SIEM,X,3456
688,SIEM,C,1000
688,SIEM,D,260
688,SIEM,X,3456
689,SIEM,C,1000
689,SIEM,D,260
689,SIEM,X,3456
690,SIEM,C,1000
690,SIEM,D,260
690,SIEM,X,3456
691,SIEM,C,1000
691,SIEM,D,260
691,SIEM,X,3456
692,SIEM,C,1000
692,SIEM,D,260
692,SIEM,X,3456
693,SIEM,C,1000
693,SIEM,D,260
693,SIEM,X,3456
694,SIEM,C,1000
694,SIEM,D,260
694,SIEM,X,3456
695,SIEM,C,1000
695,SIEM,D,260
695,SIEM,X,3456
696,SIEM,C,1000
696,SIEM,D,260
696,SIEM,X,3456
697,SIEM,C,1000
697,SIEM,D,260
697,SIEM,X,3456
698,SIEM,C,1000
698,SIEM,D,260
698,SIEM,X,3456
699,SIEM,C,1000
699,SIEM,D,260
699,SIEM,X,3456
700,SIEM,C,1000
700,SIEM,D,260
700,SIEM,X,3456
701,SIEM,C,1000
701,SIEM,D,260
701,SIEM,X,3456
702,SIEM,C,1000
702,SIEM,D,260
702,SIEM,X,3456
703,SIEM,C,1000
703,SIEM,D,260
703,SIEM,X,3456
704,SIEM,C,1000
704,SIEM,D,260
704,SIEM,X,3456
705,SIEM,C,1000
705,SIEM,D,260
705,SIEM,X,3456
706,SIEM,C,1000
706,SIEM,D,260
706,SIEM,X,3456
707,SIEM,C,1000
707,SIEM,D,260
707,SIEM,X,3456
708,SIEM,C,1000
708,SIEM,D,260
708,SIEM,X,3456
709,SIEM,C,1000
709,SIEM,D,260
709,SIEM,X,3456
710,SIEM,C,1000
710,SIEM,D,260
710,SIEM,X,3456
711,SIEM,C,1000
711,SIEM,D,260
711,SIEM,X,3456
712,SIEM,C,1000
712,SIEM,D,260
712,SIEM,X,3456
713,SIEM,C,1000
713,SIEM,D,260
713,SIEM,X,3456
714,SIEM,C,1000
714,SIEM,D,260
714,SIEM,X,3456
715,SIEM,C,1000
715,SIEM,D,260
715,SIEM,X,3456
716,SIEM,C,1000
716,SIEM,D,260
716,SIEM,X,3456
717,SIEM,C,1000
717,SIEM,D,260
717,SIEM,X,3456
718,SIEM,C,1000
718,SIEM,D,260
718,SIEM,X,3456
719,SIEM,C,1000
719,SIEM,D,260
719,SIEM,X,3456
720,SIEM,C,1000
720,SIEM,D,260
720,SIEM,X,3456
721,SIEM,C,1000
721,SIEM,D,260
721,SIEM,X,3456
722,SIEM,C,1000
722,SIEM,D,260
722,SIEM,X,3456
723,SIEM,C,1000
723,SIEM,D,260
723,SIEM,X,3456
724,SIEM,C,1000
724,SIEM,D,260
724,SIEM,X,3456
725,SIEM,C,1000
725,SIEM,D,260
725,SIEM,X,3456
726,SIEM,C,1000
726,SIEM,D,260
726,SIEM,X,3456
727,SIEM,C,1000
727,SIEM,D,260
727,SIEM,X,3456
728,SIEM,C,1000
728,SIEM,D,260
728,SIEM,X,3456
729,SIEM,C,1000
729,SIEM,D,260
729,SIEM,X,3456
730,SIEM,C,1000
730,SIEM,D,260
730,SIEM,X,3456
731,SIEM,C,1000
731,SIEM,D,260
731,SIEM,X,3456
732,SIEM,C,1000
732,SIEM,D,260
732,SIEM,X,3456
733,SIEM,C,1000
733,SIEM,D,260
733,SIEM,X,3456
734,SIEM,C,1000
734,SIEM,D,260
734,SIEM,X,3456
735,SIEM,C,1000
735,SIEM,D,260
735,SIEM,X,3456
736,SIEM,C,1000
736,SIEM,D,260
736,SIEM,X,3456
737,SIEM,C,1000
737,SIEM,D,260
737,SIEM,X,3456
738,SIEM,C,1000
738,SIEM,D,260
738,SIEM,X,3456
739,SIEM,C,1000
739,SIEM,D,260
739,SIEM,X,3456
740,SIEM,C,1000
740,SIEM,D,260
740,SIEM,X,3456
741,SIEM,C,1000
741,SIEM,D,260
741,SIEM,X,3456
742,SIEM,C,1000
742,SIEM,D,260
742,SIEM,X,3456
743,SIEM,C,1000
743,SIEM,D,260
743,SIEM,X,3456
744,SIEM,C,1000
744,SIEM,D,260
744,SIEM,X,3456
745,SIEM,C,1000
745,SIEM,D,260
745,SIEM,X,3456
746,SIEM,C,1000
746,SIEM,D,260
746,SIEM,X,3456
747,SIEM,C,1000
747,SIEM,D,260
747,SIEM,X,3456
748,SIEM,C,1000
748,SIEM,D,260
748,SIEM,X,3456
749,SIEM,C,1000
749,SIEM,D,260
749,SIEM,X,3456
750,SIEM,C,1000
750,SIEM,D,260
750,SIEM,X,3456
751,SIEM,C,1000
751,SIEM,D,260
751,SIEM,X,3456
752,SIEM,C,1000
752,SIEM,D,260
752,SIEM,X,3456
753,SIEM,C,1000
753,SIEM,D,260
753,SIEM,X,3456
754,SIEM,C,1000
754,SIEM,D,260
754,SIEM,X,3456
755,SIEM,C,1000
755,SIEM,D,260
755,SIEM,X,3456
756,SIEM,C,1000
756,SIEM,D,260
756,SIEM,X,3456
757,SIEM,C,1000
757,SIEM,D,260
757,SIEM,X,3456
758,SIEM,C,1000
758,SIEM,D,260
758,SIEM,X,3456
759,SIEM,C,1000
759,SIEM,D,260
759,SIEM,X,3456
760,SIEM,C,1000
760,SIEM,D,260
760,SIEM,X,3456
761,SIEM,C,1000
761,SIEM,D,260
761,SIEM,X,3456
762,SIEM,C,1000
762,SIEM,D,260
762,SIEM,X,3456
763,SIEM,C,1000
763,SIEM,D,260
763,SIEM,X,3456
764,SIEM,C,1000
764,SIEM,D,260
764,SIEM,X,3456
765,SIEM,C,1000
765,SIEM,D,260
765,SIEM,X,3456
766,SIEM,C,1000
766,SIEM,D,260
766,SIEM,X,3456
767,SIEM,C,1000
767,SIEM,D,260
767,SIEM,X,3456
768,SIEM,C,1000
768,SIEM,D,260
768,SIEM,X,3456
769,SIEM,C,1000
769,SIEM,D,260
769,SIEM,X,3456
770,SIEM,C,1000
770,SIEM,D,260
770,SIEM,X,3456
771,SIEM,C,1000
771,SIEM,D,260
771,SIEM,X,3456
772,SIEM,C,1000
772,SIEM,D,260
772,SIEM,X,3456
773,SIEM,C,1000
773,SIEM,D,260
773,SIEM,X,3456
774,SIEM,C,1000
774,SIEM,D,260
774,SIEM,X,3456
775,SIEM,C,1000
775,SIEM,D,260
775,SIEM,X,3456
776,SIEM,C,1000
776,SIEM,D,260
776,SIEM,X,3456
777,SIEM,C,1000
777,SIEM,D,260
777,SIEM,X,3456
778,SIEM,C,1000
778,SIEM,D,260
778,SIEM,X,3456
779,SIEM,C,1000
779,SIEM,D,260
779,SIEM,X,3456
780,SIEM,C,1000
780,SIEM,D,260
780,SIEM,X,3456
781,SIEM,C,1000
781,SIEM,D,260
781,SIEM,X,3456
782,SIEM,C,1000
782,SIEM,D,260
782,SIEM,X,3456
783,SIEM,C,1000
783,SIEM,D,260
783,SIEM,X,3456
784,SIEM,C,1000
784,SIEM,D,260
784,SIEM,X,3456
785,SIEM,C,1000
785,SIEM,D,260
785,SIEM,X,3456
786,SIEM,C,1000
786,SIEM,D,260
786,SIEM,X,3456
787,SIEM,C,1000
787,SIEM,D,260
787,SIEM,X,3456
788,SIEM,C,1000
788,SIEM,D,260
788,SIEM,X,3456
789,SIEM,C,1000
789,SIEM,D,260
789,SIEM,X,3456
790,SIEM,C,1000
790,SIEM,D,260
790,SIEM,X,3456
791,SIEM,C,1000
791,SIEM,D,260
791,SIEM,X,3456
792,SIEM,C,1000
792,SIEM,D,260
792,SIEM,X,3456
793,SIEM,C,1000
793,SIEM,D,260
793,SIEM,X,3456
794,SIEM,C,1000
794,SIEM,D,260
794,SIEM,X,3456
795,SIEM,C,1000
795,SIEM,D,260
795,SIEM,X,3456
796,SIEM,C,1000
796,SIEM,D,260
796,SIEM,X,3456
797,SIEM,C,1000
797,SIEM,D,260
797,SIEM,X,3456
798,SIEM,C,1000
798,SIEM,D,260
798,SIEM,X,3456
799,SIEM,C,1000
799,SIEM,D,260
799,SIEM,X,3456
800,SIEM,C,1000
800,SIEM,D,260
800,SIEM,X,3456
801,SIEM,C,1000
801,SIEM,D,260
801,SIEM,X,3456
802,SIEM,C,1000
802,SIEM,D,260
802,SIEM,X,3456
803,SIEM,C,1000
803,SIEM,D,260
803,SIEM,X,3456
804,SIEM,C,1000
804,SIEM,D,260
804,SIEM,X,3456
805,SIEM,C,1000
805,SIEM,D,260
805,SIEM,X,3456
806,SIEM,C,1000
806,SIEM,D,260
806,SIEM,X,3456
807,SIEM,C,1000
807,SIEM,D,260
807,SIEM,X,3456
808,SIEM,C,1000
808,SIEM,D,260
808,SIEM,X,3456
809,SIEM,C,1000
809,SIEM,D,260
809,SIEM,X,3456
810,SIEM,C,1000
810,SIEM,D,260
810,SIEM,X,3456
811,SIEM,C,1000
811,SIEM,D,260
811,SIEM,X,3456
812,SIEM,C,1000
812,SIEM,D,260
812,SIEM,X,3456
813,SIEM,C,1000
813,SIEM,D,260
813,SIEM,X,3456
814,SIEM,C,1000
814,SIEM,D,260
814,SIEM,X,3456
815,SIEM,C,1000
815,SIEM,D,260
815,SIEM,X,3456
816,SIEM,C,1000
816,SIEM,D,260
816,SIEM,X,3456
817,SIEM,C,1000
817,SIEM,D,260
817,SIEM,X,3456
818,SIEM,C,1000
818,SIEM,D,260
818,SIEM,X,3456
819,SIEM,C,1000
819,SIEM,D,260
819,SIEM,X,3456
820,SIEM,C,1000
820,SIEM,D,260
820,SIEM,X,3456
821,SIEM,C,1000
821,SIEM,D,260
821,SIEM,X,3456
822,SIEM,C,1000
822,SIEM,D,260
822,SIEM,X,3456
823,SIEM,C,1000
823,SIEM,D,260
823,SIEM,X,3456
824,SIEM,C,1000
824,SIEM,D,260
824,SIEM,X,3456
825,SIEM,C,1000
825,SIEM,D,260
825,SIEM,X,3456
826,SIEM,C,1000
826,SIEM,D,260
826,SIEM,X,3456
827,SIEM,C,1000
827,SIEM,D,260
827,SIEM,X,3456
828,SIEM,C,1000
828,SIEM,D,260
828,SIEM,X,3456
829,SIEM,C,1000
829,SIEM,D,260
829,SIEM,X,3456
830,SIEM,C,1000
830,SIEM,D,260
830,SIEM,X,3456
831,SIEM,C,1000
831,SIEM,D,260
831,SIEM,X,3456
832,SIEM,C,1000
832,SIEM,D,260
832,SIEM,X,3456
833,SIEM,C,1000
833,SIEM,D,260
833,SIEM,X,3456
834,SIEM,C,1000
834,SIEM,D,260
834,SIEM,X,3456
835,SIEM,C,1000
835,SIEM,D,260
835,SIEM,X,3456
836,SIEM,C,1000
836,SIEM,D,260
836,SIEM,X,3456
837,SIEM,C,1000
837,SIEM,D,260
837,SIEM,X,3456
838,SIEM,C,1000
838,SIEM,D,260
838,SIEM,X,3456
839,SIEM,C,1000
839,SIEM,D,260
839,SIEM,X,3456
840,SIEM,C,1000
840,SIEM,D,260
840,SIEM,X,3456
841,SIEM,C,1000
841,SIEM,D,260
841,SIEM,X,3456
842,SIEM,C,1000
842,SIEM,D,260
842,SIEM,X,3456
843,SIEM,C,1000
843,SIEM,D,260
843,SIEM,X,3456
844,SIEM,C,1000
844,SIEM,D,260
844,SIEM,X,3456
845,SIEM,C,1000
845,SIEM,D,260
845,SIEM,X,3456
846,SIEM,C,1000
846,SIEM,D,260
846,SIEM,X,3456
847,SIEM,C,1000
847,SIEM,D,260
847,SIEM,X,3456
848,SIEM,C,1000
848,SIEM,D,260
848,SIEM,X,3456
849,SIEM,C,1000
849,SIEM,D,260
849,SIEM,X,3456
850,SIEM,C,1000
850,SIEM,D,260
850,SIEM,X,3456
851,SIEM,C,1000
851,SIEM,D,260
851,SIEM,X,3456
852,SIEM,C,1000
852,SIEM,D,260
852,SIEM,X,3456
853,SIEM,C,1000
853,SIEM,D,260
853,SIEM,X,3456
854,SIEM,C,1000
854,SIEM,D,260
854,SIEM,X,3456
855,SIEM,C,1000
855,SIEM,D,260
855,SIEM,X,3456
856,SIEM,C,1000
856,SIEM,D,260
856,SIEM,X,3456
857,SIEM,C,1000
857,SIEM,D,260
857,SIEM,X,3456
858,SIEM,C,1000
858,SIEM,D,260
858,SIEM,X,3456
859,SIEM,C,1000
859,SIEM,D,260
859,SIEM,X,3456
860,SIEM,C,1000
860,SIEM,D,260
860,SIEM,X,3456
861,SIEM,C,1000
861,SIEM,D,260
861,SIEM,X,3456
862,SIEM,C,1000
862,SIEM,D,260
862,SIEM,X,3456
863,SIEM,C,1000
863,SIEM,D,260
863,SIEM,X,3456
864,SIEM,C,1000
864,SIEM,D,260
864,SIEM,X,3456
865,SIEM,C,1000
865,SIEM,D,260
865,SIEM,X,3456
866,SIEM,C,1000
866,SIEM,D,260
866,SIEM,X,3456
867,SIEM,C,1000
867,SIEM,D,260
867,SIEM,X,3456
868,SIEM,C,1000
868,SIEM,D,260
868,SIEM,X,3456
869,SIEM,C,1000
869,SIEM,D,260
869,SIEM,X,3456
870,SIEM,C,1000
870,SIEM,D,260
870,SIEM,X,3456
871,SIEM,C,1000
871,SIEM,D,260
871,SIEM,X,3456
872,SIEM,C,1000
872,SIEM,D,260
872,SIEM,X,3456
873,SIEM,C,1000
873,SIEM,D,260
873,SIEM,X,3456
874,SIEM,C,1000
874,SIEM,D,260
874,SIEM,X,3456
875,SIEM,C,1000
875,SIEM,D,260
875,SIEM,X,3456
876,SIEM,C,1000
876,SIEM,D,260
876,SIEM,X,3456
877,SIEM,C,1000
877,SIEM,D,260
877,SIEM,X,3456
878,SIEM,C,1000
878,SIEM,D,260
878,SIEM,X,3456
879,SIEM,C,1000
879,SIEM,D,260
879,SIEM,X,3456
880,SIEM,C,1000
880,SIEM,D,260
880,SIEM,X,3456
881,SIEM,C,1000
881,SIEM,D,260
881,SIEM,X,3456
882,SIEM,C,1000
882,SIEM,D,260
882,SIEM,X,3456
883,SIEM,C,1000
883,SIEM,D,260
883,SIEM,X,3456
884,SIEM,C,1000
884,SIEM,D,260
884,SIEM,X,3456
885,SIEM,C,1000
885,SIEM,D,260
885,SIEM,X,3456
886,SIEM,C,1000
886,SIEM,D,260
886,SIEM,X,3456
887,SIEM,C,1000
887,SIEM,D,260
887,SIEM,X,3456
888,SIEM,C,1000
888,SIEM,D,260
888,SIEM,X,3456
889,SIEM,C,1000
889,SIEM,D,260
889,SIEM,X,3456
890,SIEM,C,1000
890,SIEM,D,260
890,SIEM,X,3456
891,SIEM,C,1000
891,SIEM,D,260
891,SIEM,X,3456
892,SIEM,C,1000
892,SIEM,D,260
892,SIEM,X,3456
893,SIEM,C,1000
893,SIEM,D,260
893,SIEM,X,3456
894,SIEM,C,1000
894,SIEM,D,260
894,SIEM,X,3456
895,SIEM,C,1000
895,SIEM,D,260
895,SIEM,X,3456
896,SIEM,C,1000
896,SIEM,D,260
896,SIEM,X,3456
897,SIEM,C,1000
897,SIEM,D,260
897,SIEM,X,3456
898,SIEM,C,1000
898,SIEM,D,260
898,SIEM,X,3456
899,SIEM,C,1000
899,SIEM,D,260
899,SIEM,X,3456
900,SIEM,C,1000
900,SIEM,D,260
900,SIEM,X,3456
901,SIEM,C,1000
901,SIEM,D,260
901,SIEM,X,3456
902,SIEM,C,1000
902,SIEM,D,260
902,SIEM,X,3456
903,SIEM,C,1000
903,SIEM,D,260
903,SIEM,X,3456
904,SIEM,C,1000
904,SIEM,D,260
904,SIEM,X,3456
905,SIEM,C,1000
905,SIEM,D,260
905,SIEM,X,3456
906,SIEM,C,1000
906,SIEM,D,260
906,SIEM,X,3456
907,SIEM,C,1000
907,SIEM,D,260
907,SIEM,X,3456
908,SIEM,C,1000
908,SIEM,D,260
908,SIEM,X,3456
909,SIEM,C,1000
909,SIEM,D,260
909,SIEM,X,3456
910,SIEM,C,1000
910,SIEM,D,260
910,SIEM,X,3456
911,SIEM,C,1000
911,SIEM,D,260
911,SIEM,X,3456
912,SIEM,C,1000
912,SIEM,D,260
912,SIEM,X,3456
913,SIEM,C,1000
913,SIEM,D,260
913,SIEM,X,3456
914,SIEM,C,1000
914,SIEM,D,260
914,SIEM,X,3456
915,SIEM,C,1000
915,SIEM,D,260
915,SIEM,X,3456
916,SIEM,C,1000
916,SIEM,D,260
916,SIEM,X,3456
917,SIEM,C,1000
917,SIEM,D,260
917,SIEM,X,3456
918,SIEM,C,1000
918,SIEM,D,260
918,SIEM,X,3456
919,SIEM,C,1000
919,SIEM,D,260
919,SIEM,X,3456
920,SIEM,C,1000
920,SIEM,D,260
920,SIEM,X,3456
921,SIEM,C,1000
921,SIEM,D,260
921,SIEM,X,3456
922,SIEM,C,1000
922,SIEM,D,260
922,SIEM,X,3456
923,SIEM,C,1000
923,SIEM,D,260
923,SIEM,X,3456
924,SIEM,C,1000
924,SIEM,D,260
924,SIEM,X,3456
925,SIEM,C,1000
925,SIEM,D,260
925,SIEM,X,3456
926,SIEM,C,1000
926,SIEM,D,260
926,SIEM,X,3456
927,SIEM,C,1000
927,SIEM,D,260
927,SIEM,X,3456
928,SIEM,C,1000
928,SIEM,D,260
928,SIEM,X,3456
929,SIEM,C,1000
929,SIEM,D,260
929,SIEM,X,3456
930,SIEM,C,1000
930,SIEM,D,260
930,SIEM,X,3456
931,SIEM,C,1000
931,SIEM,D,260
931,SIEM,X,3456
932,SIEM,C,1000
932,SIEM,D,260
932,SIEM,X,3456
933,SIEM,C,1000
933,SIEM,D,260
933,SIEM,X,3456
934,SIEM,C,1000
934,SIEM,D,260
934,SIEM,X,3456
935,SIEM,C,1000
935,SIEM,D,260
935,SIEM,X,3456
936,SIEM,C,1000
936,SIEM,D,260
936,SIEM,X,3456
937,SIEM,C,1000
937,SIEM,D,260
937,SIEM,X,3456
938,SIEM,C,1000
938,SIEM,D,260
938,SIEM,X,3456
939,SIEM,C,1000
939,SIEM,D,260
939,SIEM,X,3456
940,SIEM,C,1000
940,SIEM,D,260
940,SIEM,X,3456
941,SIEM,C,1000
941,SIEM,D,260
941,SIEM,X,3456
942,SIEM,C,1000
942,SIEM,D,260
942,SIEM,X,3456
943,SIEM,C,1000
943,SIEM,D,260
943,SIEM,X,3456
944,SIEM,C,1000
944,SIEM,D,260
944,SIEM,X,3456
945,SIEM,C,1000
945,SIEM,D,260
945,SIEM,X,3456
946,SIEM,C,1000
946,SIEM,D,260
946,SIEM,X,3456
947,SIEM,C,1000
947,SIEM,D,260
947,SIEM,X,3456
948,SIEM,C,1000
948,SIEM,D,260
948,SIEM,X,3456
949,SIEM,C,1000
949,SIEM,D,260
949,SIEM,X,3456
950,SIEM,C,1000
950,SIEM,D,260
950,SIEM,X,3456
951,SIEM,C,1000
951,SIEM,D,260
951,SIEM,X,3456
952,SIEM,C,1000
952,SIEM,D,260
952,SIEM,X,3456
953,SIEM,C,1000
953,SIEM,D,260
953,SIEM,X,3456
954,SIEM,C,1000
954,SIEM,D,260
954,SIEM,X,3456
955,SIEM,C,1000
955,SIEM,D,260
955,SIEM,X,3456
956,SIEM,C,1000
956,SIEM,D,260
956,SIEM,X,3456
957,SIEM,C,1000
957,SIEM,D,260
957,SIEM,X,3456
958,SIEM,C,1000
958,SIEM,D,260
958,SIEM,X,3456
959,SIEM,C,1000
959,SIEM,D,260
959,SIEM,X,3456
960,SIEM,C,1000
960,SIEM,D,260
960,SIEM,X,3456
961,SIEM,C,1000
961,SIEM,D,260
961,SIEM,X,3456
962,SIEM,C,1000
962,SIEM,D,260
962,SIEM,X,3456
963,SIEM,C,1000
963,SIEM,D,260
963,SIEM,X,3456
964,SIEM,C,1000
964,SIEM,D,260
964,SIEM,X,3456
965,SIEM,C,1000
965,SIEM,D,260
965,SIEM,X,3456
966,SIEM,C,1000
966,SIEM,D,260
966,SIEM,X,3456
967,SIEM,C,1000
967,SIEM,D,260
967,SIEM,X,3456
968,SIEM,C,1000
968,SIEM,D,260
968,SIEM,X,3456
969,SIEM,C,1000
969,SIEM,D,260
969,SIEM,X,3456
970,SIEM,C,1000
970,SIEM,D,260
970,SIEM,X,3456
971,SIEM,C,1000
971,SIEM,D,260
971,SIEM,X,3456
972,SIEM,C,1000
972,SIEM,D,260
972,SIEM,X,3456
973,SIEM,C,1000
973,SIEM,D,260
973,SIEM,X,3456
974,SIEM,C,1000
974,SIEM,D,260
974,SIEM,X,3456
975,SIEM,C,1000
975,SIEM,D,260
975,SIEM,X,3456
976,SIEM,C,1000
976,SIEM,D,260
976,SIEM,X,3456
977,SIEM,C,1000
977,SIEM,D,260
977,SIEM,X,3456
978,SIEM,C,1000
978,SIEM,D,260
978,SIEM,X,3456
979,SIEM,C,1000
979,SIEM,D,260
979,SIEM,X,3456
980,SIEM,C,1000
980,SIEM,D,260
980,SIEM,X,3456
981,SIEM,C,1000
981,SIEM,D,260
981,SIEM,X,3456
982,SIEM,C,1000
982,SIEM,D,260
982,SIEM,X,3456
983,SIEM,C,1000
983,SIEM,D,260
983,SIEM,X,3456
984,SIEM,C,1000
984,SIEM,D,260
984,SIEM,X,3456
985,SIEM,C,1000
985,SIEM,D,260
985,SIEM,X,3456
986,SIEM,C,1000
986,SIEM,D,260
986,SIEM,X,3456
987,SIEM,C,1000
987,SIEM,D,260
987,SIEM,X,3456
988,SIEM,C,1000
988,SIEM,D,260
988,SIEM,X,3456
989,SIEM,C,1000
989,SIEM,D,260
989,SIEM,X,3456
990,SIEM,C,1000
990,SIEM,D,260
990,SIEM,X,3456
991,SIEM,C,1000
991,SIEM,D,260
991,SIEM,X,3456
992,SIEM,C,1000
992,SIEM,D,260
992,SIEM,X,3456
993,SIEM,C,1000
993,SIEM,D,260
993,SIEM,X,3456
994,SIEM,C,1000
994,SIEM,D,260
994,SIEM,X,3456
995,SIEM,C,1000
995,SIEM,D,260
995,SIEM,X,3456
996,SIEM,C,1000
996,SIEM,D,260
996,SIEM,X,3456
997,SIEM,C,1000
997,SIEM,D,260
997,SIEM,X,3456
998,SIEM,C,1000
998,SIEM,D,260
998,SIEM,X,3456
999,SIEM,C,1000
999,SIEM,D,260
999,SIEM,X,3456
